testSnecma_2013.02.04_15:15:46.153818751_26491;testSnecma_2013.02.04_15:15:42.937047202_17843;testSnecma_2013.02.04_15:15:46.614864519_26616;testSnecma_2013.02.04_15:15:48.437342078_3413;testSnecma_2013.02.04_15:15:42.922212341_12782;testSnecma_2013.02.04_15:15:43.743639341_17571;testSnecma_2013.02.04_15:15:48.849995551_18754;testSnecma_2013.02.04_15:15:45.357780644_6431;testSnecma_2013.02.04_15:15:45.549227460_15252;testSnecma_2013.02.04_15:15:45.282424142_22144;testSnecma_2013.02.04_15:15:49.081029698_9985;testSnecma_2013.02.04_15:15:50.833598529_6939;testSnecma_2013.02.04_15:15:43.420569796_4695;testSnecma_2013.02.04_15:15:50.099659186_27207;testSnecma_2013.02.04_15:15:47.044540225_20870;testSnecma_2013.02.04_15:15:43.074221326_31505;testSnecma_2013.02.04_15:15:42.298477486_22891;testSnecma_2013.02.04_15:15:50.942082922_7211;testSnecma_2013.02.04_15:15:46.420537258_18841;testSnecma_2013.02.04_15:15:45.158223080_11112;testSnecma_2013.02.04_15:15:47.305976403_3641;testSnecma_2013.02.04_15:15:45.102720112_28047;testSnecma_2013.02.04_15:15:44.456419560_18877;testSnecma_2013.02.04_15:15:46.185205825_22744;testSnecma_2013.02.04_15:15:48.419099678_3428;testSnecma_2013.02.04_15:15:47.716339544_22870;testSnecma_2013.02.04_15:15:42.788046129_24294;testSnecma_2013.02.04_15:15:45.755583789_17311;testSnecma_2013.02.04_15:15:48.886993670_1631;testSnecma_2013.02.04_15:15:43.814138284_27095;testSnecma_2013.02.04_15:15:47.318994144_8905;testSnecma_2013.02.04_15:15:43.899651507_18961;testSnecma_2013.02.04_15:15:49.928863571_5967;testSnecma_2013.02.04_15:15:50.941358314_809;testSnecma_2013.02.04_15:15:47.740039843_3465;testSnecma_2013.02.04_15:15:49.652844937_20725;testSnecma_2013.02.04_15:15:42.651806192_10047;testSnecma_2013.02.04_15:15:45.581913216_12648;testSnecma_2013.02.04_15:15:50.604691778_11068;testSnecma_2013.02.04_15:15:44.069172751_9815;testSnecma_2013.02.04_15:15:45.660126116_31508;testSnecma_2013.02.04_15:15:43.920416609_16376;testSnecma_2013.02.04_15:15:43.808468822_26860;testSnecma_2013.02.04_15:15:48.392570228_4839;testSnecma_2013.02.04_15:15:45.336229813_16247;testSnecma_2013.02.04_15:15:49.416739619_9524;testSnecma_2013.02.04_15:15:50.753176508_14431;testSnecma_2013.02.04_15:15:46.247819839_32713;testSnecma_2013.02.04_15:15:43.082972655_14233;testSnecma_2013.02.04_15:15:42.514334144_2767;testSnecma_2013.02.04_15:15:44.235615855_12565;testSnecma_2013.02.04_15:15:44.485696361_1770;testSnecma_2013.02.04_15:15:42.010823398_14081;testSnecma_2013.02.04_15:15:50.497670562_26614;testSnecma_2013.02.04_15:15:43.358582264_31398;testSnecma_2013.02.04_15:15:47.239745717_18138;testSnecma_2013.02.04_15:15:46.369650922_10183;testSnecma_2013.02.04_15:15:49.332874356_27223;testSnecma_2013.02.04_15:15:48.745685619_8549;testSnecma_2013.02.04_15:15:45.107191483_30464;testSnecma_2013.02.04_15:15:44.837255943_18715;testSnecma_2013.02.04_15:15:42.296834163_27408;testSnecma_2013.02.04_15:15:42.894677352_6705;testSnecma_2013.02.04_15:15:45.136084150_5499;testSnecma_2013.02.04_15:15:43.967572791_17096;testSnecma_2013.02.04_15:15:47.488399876_25525;testSnecma_2013.02.04_15:15:42.190294297_26889;testSnecma_2013.02.04_15:15:48.775839639_18853;testSnecma_2013.02.04_15:15:47.063287144_20099;testSnecma_2013.02.04_15:15:43.080303422_30611;testSnecma_2013.02.04_15:15:49.807097888_23281;testSnecma_2013.02.04_15:15:46.133125651_25001;testSnecma_2013.02.04_15:15:43.181693379_16170;testSnecma_2013.02.04_15:15:49.148316300_13359;testSnecma_2013.02.04_15:15:47.096120670_28723;testSnecma_2013.02.04_15:15:44.917388375_6534;testSnecma_2013.02.04_15:15:50.377374791_12978;testSnecma_2013.02.04_15:15:47.813509656_15154;testSnecma_2013.02.04_15:15:42.511481672_12688;testSnecma_2013.02.04_15:15:46.699938687_8776;testSnecma_2013.02.04_15:15:44.922299237_18561;testSnecma_2013.02.04_15:15:44.966041935_9874;testSnecma_2013.02.04_15:15:48.134773233_21615;testSnecma_2013.02.04_15:15:46.073594349_24676;testSnecma_2013.02.04_15:15:42.064879018_12806;testSnecma_2013.02.04_15:15:49.113649511_19009;testSnecma_2013.02.04_15:15:44.897053582_13350;testSnecma_2013.02.04_15:15:44.220607871_12503;testSnecma_2013.02.04_15:15:48.374580526_12394;testSnecma_2013.02.04_15:15:48.049056296_29726;testSnecma_2013.02.04_15:15:49.752912387_2445;testSnecma_2013.02.04_15:15:49.342136307_14856;testSnecma_2013.02.04_15:15:46.470938398_6710;testSnecma_2013.02.04_15:15:50.444813816_7890;testSnecma_2013.02.04_15:15:44.649214027_20620;testSnecma_2013.02.04_15:15:50.257058121_15599;testSnecma_2013.02.04_15:15:43.825864803_18365;testSnecma_2013.02.04_15:15:44.517544122_12464;testSnecma_2013.02.04_15:15:46.186902949_747;testSnecma_2013.02.04_15:15:48.545412448_6704
39.96508371185675;35.63248127527533;25.892063356839742;33.75599303455685;39.14523625830599;32.06177994526631;24.229455640700987;37.56308623115493;32.20253103027295;39.087626153684965;20.8256546377341;31.306603084726703;39.88295639091537;34.01581781209597;38.29356716071735;39.09526605980404;30.4688883130768;37.38428859260074;25.92717724039563;26.943299860122185;27.101000229749395;27.6848954369627;39.060567757852056;23.289670703750886;32.30766627454832;23.787193225655752;37.182472306810354;39.45628166076827;23.560256098095035;38.853230144790864;38.114617911703675;37.55209232597562;36.69911097174108;24.5412732880264;27.640850960305748;28.836312872851174;32.8838942674647;37.33675971804069;25.98939109865762;35.18968925759502;28.884900314179788;33.992310751676214;34.79518776068867;39.245280663698765;39.4285849027207;33.26880539580422;23.391896177385213;37.79339017129111;24.956754000677837;32.36496443543015;26.56293400613034;29.74351020529673;37.75595337745273;24.042209287638883;28.766861703928846;23.465434975187293;24.64273395659836;26.764966731353557;25.497529141684517;25.205755967648283;21.363339016230057;28.06528934100036;20.0427148635288;27.83768659576252;36.005773211095516;24.039413771263803;33.97044315838968;33.40576232794399;37.25002492173352;22.537512135800956;38.70451562083832;39.320579021965784;26.493739209329032;34.32694118552638;24.002783373242778;35.40221100050319;31.040732773284724;23.528075505517688;23.328369852149457;22.030990106753407;24.079912884759118;35.185957971079546;31.155475669663645;30.50513580239272;25.573350283918266;29.950530495199523;25.105509281837367;26.489084424767665;28.095382549910045;26.666753676920756;39.67500313244342;28.24587234994061;32.36315006634765;31.62108749295335;21.451672208946167;27.390732900436312;28.748228039284875;26.997512543649044;20.528375249253425;21.470152457313
40.0;35.472481275275335;26.052063356839742;33.91599303455685;39.30523625830599;32.221779945266306;24.389455640700987;37.72308623115492;32.36253103027295;39.24762615368496;20.6656546377341;31.146603084726703;40.0;33.85581781209597;38.133567160717355;39.255266059804036;30.3088883130768;37.544288592600736;25.76717724039563;27.103299860122185;26.941000229749395;27.5248954369627;39.22056775785205;23.129670703750886;32.14766627454832;23.947193225655752;37.34247230681035;39.616281660768266;23.400256098095035;38.69323014479087;38.27461791170367;37.71209232597562;36.53911097174108;24.3812732880264;27.480850960305748;28.996312872851174;32.7238942674647;37.17675971804069;26.14939109865762;35.34968925759502;28.724900314179788;34.15231075167621;34.955187760688666;39.40528066369876;39.5885849027207;33.108805395804225;23.231896177385213;37.953390171291105;24.796754000677836;32.204964435430156;26.72293400613034;29.58351020529673;37.59595337745273;23.882209287638883;28.926861703928846;23.305434975187293;24.48273395659836;26.604966731353556;25.337529141684517;25.045755967648283;21.523339016230057;28.22528934100036;20.2027148635288;27.99768659576252;36.16577321109551;23.879413771263803;34.130443158389674;33.565762327943986;37.410024921733516;22.377512135800956;38.544515620838325;39.16057902196579;26.653739209329032;34.486941185526376;24.162783373242778;35.56221100050319;30.880732773284723;23.368075505517687;23.488369852149457;21.870990106753407;23.919912884759118;35.02595797107955;31.315475669663645;30.34513580239272;25.413350283918266;29.790530495199523;25.265509281837367;26.329084424767665;28.255382549910045;26.506753676920756;39.83500313244342;28.085872349940608;32.52315006634765;31.78108749295335;21.291672208946167;27.230732900436312;28.588228039284875;27.157512543649045;20.368375249253425;21.630152457313
39.944959668308094;35.53163993334658;25.997237594078978;33.868101519643844;39.24985274260422;32.16208347120945;24.335476510934352;37.6660398686866;32.30984943450179;39.19436493294691;20.71295883366795;31.204590299812253;39.9371923070469;33.90643451501218;38.18412947011849;39.192722463392684;30.35697447103839;37.48472335668914;25.820836894479285;27.04288444646588;26.98986125032079;27.575615631435607;39.16685000487313;23.177861954079866;32.19561822060314;23.899175584179517;37.29213798359232;39.5581473795305;23.452068134010535;38.74257158963272;38.228324010801565;37.65696188464458;36.585134135766815;24.431205222449567;27.52852261613889;28.94526062762615;32.771231059730106;37.23236046838942;26.089130599080196;35.30199855915294;28.787450481602974;34.097822714226126;34.90541595056814;39.342649165708536;39.533891636874124;33.15549990047348;23.28448935090785;37.90728155798547;24.85469411348258;32.252395558074866;26.667531593336253;29.63519480060819;37.65415024317245;23.93702495432993;28.863928042734976;23.366218336628794;24.529960603395573;26.655560493606878;25.401248709297278;25.09451151341006;21.469475464907468;28.17515428918266;20.144191844756083;27.934227291763275;36.107001930206366;23.93246295015832;34.29044315838967;33.5120316472788;37.35330118879599;22.426075461762537;38.59341538217123;39.21286415495825;26.599121206261415;34.429147308480665;24.115655220548803;35.50538425344252;30.937302072883888;23.420997489453033;23.43319506330301;21.917436898193436;23.97400153727941;35.07339912217257;31.262650791142566;30.39810788765031;25.470128184292737;29.845797408551952;25.207732230422405;26.384815292831277;28.19933866021253;26.555163002954203;39.995003132443415;28.13918928096096;32.464625130252784;31.72073528260838;21.342618151058304;27.284829809083927;28.648435643059226;27.10184247302525;20.418573821110005;21.571631356374706
39.96199575153951;35.59079859141783;26.01755343411574;33.88577652081153;39.26794577318353;32.18400185279352;24.351180039505753;37.68635061883998;32.329845409870984;39.21324795445156;20.760263029601802;31.262577514897803;39.960113280394694;33.95705121792839;38.23469177951963;39.21638589807398;30.405060628999983;37.50285331577632;25.87449654856294;27.06035923652093;27.038722270892183;27.626335825908512;39.18395353451187;23.226053204408846;32.24357016665795;23.91545822246403;37.3078232707608;39.57519612696353;23.503880169926035;38.79191303447457;38.243114300830435;37.67822669824317;36.63115729979255;24.481137156872734;27.57619427197203;28.963417903017795;32.81856785199551;37.287961218738154;26.112560799334275;35.31956298017012;28.85000064902616;34.11483687311529;34.92290546956986;39.3623654831636;39.55178588353525;33.202194405142734;23.33708252443049;37.92055123924942;24.912634226287324;32.299826680719576;26.686465923168836;29.68687939591965;37.712347108892175;23.99184062102098;28.887655049567652;23.427001698070296;24.577187250192786;26.7061542558602;25.46496827691004;25.143267059171833;21.485318914002406;28.192280713008603;20.16548260989758;27.95377038075336;36.12749279598957;23.98551212905284;34.45044315838967;33.52739601860906;37.37301084237217;22.474638787724118;38.642315143504135;39.265149287950706;26.61505888146903;34.44780099841307;24.13411557896489;35.52263686082798;30.993871372483053;23.473919473388378;23.44953528104679;21.963883689633466;24.028090189799702;35.120840273265586;31.281141781788975;30.4510799729079;25.526906084667207;29.901064321904382;25.23019299312147;26.44054616089489;28.215406694556687;26.60357232898765;40.0;28.19250621198131;32.48467962157474;31.744151955685858;21.39356409317044;27.338926717731542;28.708643246833578;27.1192100016946;20.468772392966585;21.594320928275415
39.95199575153951;35.64995724948908;26.00755343411574;33.875776520811534;39.25794577318353;32.17400185279352;24.34118003950575;37.67635061883998;32.319845409870986;39.20324795445156;20.807567225535653;31.320564729983353;39.950113280394696;34.0076679208446;38.285254088920766;39.20638589807398;30.453146786961575;37.49285331577632;25.928156202646598;27.05035923652093;27.087583291463577;27.677056020381418;39.173953534511874;23.274244454737826;32.29152211271277;23.905458222464027;37.2978232707608;39.565196126963535;23.555692205841535;38.84125447931642;38.23311430083044;37.668226698243174;36.67718046381828;24.5310690912959;27.623865927805173;28.953417903017794;32.865904644260915;37.343561969086885;26.102560799334274;35.30956298017012;28.912550816449347;34.10483687311529;34.912905469569864;39.3523654831636;39.541785883535255;33.24888890981199;23.389675697953127;37.91055123924942;24.970574339092067;32.347257803364286;26.676465923168834;29.73856399123111;37.7705439746119;24.04665628771203;28.87765504956765;23.487785059511797;24.62441389699;26.75674801811352;25.5286878445228;25.19202260493361;21.475318914002404;28.182280713008602;20.15548260989758;27.94377038075336;36.11749279598957;24.038561307947358;34.77044315838967;33.51739601860906;37.36301084237217;22.5232021136857;38.69121490483704;39.317434420943165;26.605058881469027;34.437800998413074;24.12411557896489;35.51263686082798;31.050440672082217;23.526841457323723;23.439535281046787;22.010330481073495;24.082178842319994;35.168281424358604;31.271141781788973;30.504052058165488;25.583683985041677;29.956331235256812;25.22019299312147;26.496277028958502;28.205406694556686;26.651981655021096;40.0;28.24582314300166;32.474679621574744;31.734151955685856;21.444510035282576;27.393023626379158;28.76885085060793;27.1092100016946;20.518970964823165;21.584320928275414
39.941995751539515;35.76827456563157;25.997553434115737;33.865776520811536;39.24794577318353;32.164001852793525;24.33118003950575;37.666350618839985;32.30984540987099;39.193247954451564;20.90217561740336;31.43653916015445;39.9401132803947;34.10890132667701;38.38637870772303;39.196385898073984;30.549319102884755;37.482853315776325;26.03547551081391;27.040359236520928;27.18530533260637;27.778496409327232;39.163953534511876;23.37062695539579;32.3874260048224;23.895458222464026;37.2878232707608;39.55519612696354;23.659316277672534;38.93993736900012;38.22311430083044;37.658226698243176;36.769226791869755;24.630932960142236;27.71920923947146;28.943417903017792;32.96057822879172;37.45476346978434;26.092560799334272;35.29956298017012;29.037651151295716;34.09483687311529;34.902905469569866;39.342365483163604;39.53178588353526;33.3422779191505;23.494862044998406;37.900551239249424;25.086454564701558;32.442120048653706;26.666465923168833;29.841933181854028;37.88693770605135;24.15628762109413;28.86765504956765;23.609351782394796;24.71886719058443;26.857935542620158;25.656126979748322;25.28953369645716;21.465318914002403;28.1722807130086;20.145482609897577;27.93377038075336;36.10749279598957;24.14465966573639;35.41044315838967;33.507396018609064;37.35301084237217;22.62032876560886;38.78901442750285;39.422004686928084;26.595058881469026;34.427800998413076;24.11411557896489;35.502636860827984;31.163579271280547;23.63268542519441;23.429535281046785;22.103224063953554;24.190356147360582;35.26316372654464;31.26114178178897;30.609996228680668;25.697239785790615;30.066865061961675;25.210192993121467;26.607738765085728;28.195406694556684;26.74880030708799;40.0;28.35245700504236;32.464679621574746;31.724151955685855;21.54640191950685;27.50121744367439;28.88926605815663;27.099210001694598;20.619368108536325;21.574320928275412
39.93199575153952;36.004909197916554;25.987553434115735;33.85577652081154;39.23794577318353;32.15400185279353;24.321180039505748;37.65635061883999;32.29984540987099;39.183247954451566;21.091392401138766;31.668488020496646;39.9301132803947;34.31136813834183;38.588627945327566;39.186385898073986;30.74166373473112;37.47285331577633;26.25011412714853;27.030359236520926;27.38074941489195;27.981377187218857;39.15395353451188;23.563391956711712;32.579233789041666;23.885458222464024;37.277823270760805;39.54519612696354;23.866564421334534;39.13730314836752;38.21311430083044;37.64822669824318;36.9533194479727;24.8306606978349;27.90989586280403;28.93341790301779;33.14992539785333;37.677166471179255;26.08256079933427;35.289562980170125;29.287851820988454;34.08483687311529;34.89290546956987;39.332365483163606;39.52178588353526;33.52905593782751;23.70523473908896;37.890551239249426;25.31821501592054;32.63184453923255;26.65646592316883;30.048671563099862;38.11972516893025;24.375550287858328;28.857655049567647;23.852485228160795;24.90777377777329;27.06031059163344;25.911005250199363;25.48455587950426;21.4553189140024;28.1622807130086;20.135482609897576;27.923770380753357;36.097492795989574;24.356856381314458;36.69044315838967;33.49739601860907;37.34301084237217;22.814582069455184;38.98461347283447;39.63114521889791;26.585058881469024;34.41780099841308;24.104115578964887;35.492636860827986;31.389856469677206;23.844373360935784;23.419535281046784;22.289011229713672;24.406710757441754;35.45292833091671;31.25114178178897;30.821884569711028;25.924351387288493;30.287932715371397;25.200192993121465;26.830662237340178;28.185406694556683;26.942437611221777;40.0;28.56572472912376;32.45467962157475;31.714151955685853;21.750185687955394;27.717605078264853;29.13009647325403;27.089210001694596;20.82016239596264;21.56432092827541
39.911995751539514;36.47817846248652;25.967553434115736;33.835776520811535;39.21794577318353;32.134001852793524;24.30118003950575;37.636350618839984;32.27984540987099;39.16324795445156;21.469825968609584;32.13238574118104;39.9101132803947;34.71630176167147;38.99312642053663;39.16638589807398;31.126352998423844;37.45285331577632;26.679391359817778;27.010359236520927;27.771637579463118;28.38713874300211;39.133953534511875;23.948921959343558;32.962849357480195;23.865458222464024;37.2578232707608;39.525196126963536;24.281060708658533;39.532034707102326;38.19311430083044;37.628226698243175;37.3215047601786;25.230116173220235;28.291269109469173;28.91341790301779;33.528619735976555;38.12197247396909;26.06256079933427;35.26956298017012;29.788253160373934;34.06483687311529;34.872905469569865;39.3123654831636;39.501785883535256;33.90261197518153;24.125980127270072;37.87055123924942;25.7817359183585;33.01129352039025;26.63646592316883;30.46214832559153;38.58530009468805;24.814075621386728;28.837655049567648;24.338752119692796;25.28558695215101;27.46506068966;26.420761791101448;25.874600245598458;21.4353189140024;28.1422807130086;20.115482609897576;27.903770380753357;36.07749279598957;24.78124981247059;37.97044315838967;33.47739601860906;37.32301084237217;23.203088677147832;39.375811563497706;40.0;26.565058881469024;34.397800998413075;24.084115578964887;35.47263686082798;31.842410866470523;24.267749232418534;23.399535281046784;22.660585561233905;24.8394199776041;35.832457539660865;31.23114178178897;31.245661251771747;26.37857459028425;30.730068022190842;25.180192993121466;27.27650918184908;28.165406694556683;27.32971221948935;40.0;28.99226017728656;32.434679621574745;31.694151955685854;22.15775322485248;28.15038034744578;29.611757303448833;27.069210001694596;21.221750970815272;21.54432092827541
39.871995751539515;37.42471699162645;25.927553434115737;33.795776520811536;39.17794577318353;32.094001852793525;24.26118003950575;37.596350618839985;32.289845409870985;39.123247954451564;22.22669310355122;33.06018118254982;39.920113280394695;35.52616900833075;39.80212337095477;39.126385898073984;31.895731525809293;37.412853315776324;27.53794582515627;26.970359236520927;28.55341390860545;29.198661854568616;39.093953534511876;24.719981964607253;33.730080494357246;23.825458222464025;37.2178232707608;39.48519612696354;25.11005328330653;40.0;38.15311430083044;37.588226698243176;38.05787538459039;26.0290271239909;29.054015602799456;28.873417903017792;34.286008412223005;39.011584479548745;26.022560799334272;35.22956298017012;30.78905583914489;34.02483687311529;34.832905469569866;39.272365483163604;39.461785883535256;34.64972404988957;24.967470903632297;37.830551239249424;26.708777723234423;33.770191482705634;26.596465923168832;31.28910185057487;39.51644994620365;25.691126288443527;28.79765504956765;25.311285902756797;26.041213300906453;28.27456088571312;27.44027487290562;26.654688977786854;21.445318914002403;28.1022807130086;20.075482609897577;27.86377038075336;36.03749279598957;25.63003667478286;39.25044315838967;33.437396018609064;37.28301084237217;23.980101892533128;40.0;40.0;26.525058881469025;34.357800998413076;24.044115578964888;35.432636860827984;32.74751966005716;25.114500975384033;23.359535281046785;23.403734224274373;25.704838417928787;36.59151595714917;31.19114178178897;32.09321461589319;27.28702099627576;31.614338635829732;25.140192993121467;28.168203070866884;28.125406694556684;28.10426143602449;40.0;29.845331073612158;32.394679621574745;31.654151955685855;22.97288829864666;29.01593088580763;30.57507896383844;27.029210001694597;22.02492812052054;21.504320928275412
39.79199575153952;38.70471699162645;25.84755343411574;33.71577652081154;39.09794577318353;32.01400185279353;24.27427443589;37.51635061883999;32.29984540987098;39.043247954451566;23.50669310355122;34.34018118254982;39.93011328039469;36.80616900833075;40.0;39.046385898073986;33.17573152580929;37.42502779570301;28.817945825156272;26.983693425144477;29.83341390860545;30.478661854568617;39.10682497362396;25.999981964607255;35.01008049435725;23.745458222464027;37.137823270760805;39.4979065119943;26.390053283306532;40.0;38.07311430083044;37.50822669824318;39.33787538459039;27.3090271239909;30.334015602799457;28.793417903017794;35.566008412223006;40.0;25.942560799334274;35.149562980170124;32.06905583914489;33.94483687311529;34.75290546956987;39.192365483163606;39.38178588353526;35.92972404988957;26.247470903632298;37.750551239249425;27.988777723234424;35.050191482705635;26.516465923168834;32.56910185057487;40.0;26.97112628844353;28.71765504956765;26.5912859027568;27.321213300906454;29.554560885713123;28.72027487290562;27.934688977786855;21.455318914002405;28.022280713008602;20.0;27.78377038075336;35.95749279598957;26.910036674782862;40.0;33.44927992738367;37.29448832925914;25.26010189253313;40.0;40.0;26.445058881469027;34.371304129485544;24.058005304425095;35.352636860827985;34.02751966005716;26.394500975384034;23.279535281046787;24.683734224274374;26.98483841792879;37.87151595714917;31.111141781788973;33.37321461589319;28.56702099627576;32.89433863582973;25.06019299312147;29.448203070866885;28.045406694556686;29.38426143602449;40.0;31.12533107361216;32.31467962157475;31.574151955685856;24.25288829864666;30.295930885807632;31.85507896383844;26.9492100016946;23.30492812052054;21.51878360025759
39.82117710786514;39.98471699162645;25.68755343411574;33.55577652081154;38.937945773183536;31.854001852793527;24.28736883227425;37.35635061883999;32.30984540987098;39.068581689803445;24.786693103551222;35.62018118254982;39.94011328039469;38.08616900833075;40.0;38.88638589807399;34.45573152580929;37.437202275629694;30.097945825156273;26.997027613768026;31.11341390860545;31.75866185456862;39.11969641273604;27.279981964607256;36.29008049435725;23.768657767086175;36.97782327076081;39.510616897025066;27.670053283306533;40.0;38.09986576779159;37.53887512206547;40.0;28.589027123990903;31.61401560279946;28.819480705671864;36.84600841222301;40.0;25.973976164022588;34.98956298017013;33.34905583914489;33.784836873115296;34.59290546956987;39.03236548316361;39.22178588353526;37.20972404988957;27.5274709036323;37.77458136634821;29.268777723234425;36.33019148270564;26.356465923168834;33.84910185057487;40.0;28.25112628844353;28.744064983769924;27.8712859027568;28.601213300906455;30.834560885713124;30.00027487290562;29.214688977786857;21.465318914002406;28.048926470719664;20.25117535209447;27.62377038075336;35.79749279598958;28.190036674782863;40.0;33.46116383615828;37.305965816146106;26.54010189253313;40.0;40.0;26.285058881469027;34.38480726055801;24.0718950298853;35.19263686082799;35.30751966005716;27.674500975384035;23.303362821536563;25.963734224274376;28.26483841792879;39.15151595714917;31.134221319375687;34.65321461589319;29.847020996275763;34.174338635829734;24.90019299312147;30.728203070866886;28.071533078513585;30.664261436024493;40.0;32.40533107361216;32.15467962157475;31.414151955685856;25.53288829864666;31.575930885807633;33.13507896383844;26.7892100016946;24.58492812052054;21.533246272239765
39.85035846419076;40.0;25.367553434115738;33.23577652081154;38.617945773183536;31.905611694750952;24.3004632286585;37.03635061883999;32.329845409870984;39.09391542515532;26.066693103551223;36.90018118254982;39.960113280394694;39.36616900833075;40.0;38.948749566557055;35.73573152580929;37.44937675555638;31.377945825156274;27.010361802391575;32.39341390860545;33.038661854568616;39.13256785184812;28.559981964607257;37.57008049435725;23.791857311708323;37.0368253352476;39.52332728205583;28.950053283306534;40.0;38.12661723475274;37.56952354588776;40.0;29.869027123990904;32.894015602799456;28.845543508325935;38.12600841222301;40.0;26.005391528710902;35.04349070957929;34.62905583914489;33.464836873115296;34.65421886171539;39.09223098398457;38.90178588353526;38.489724049889574;28.8074709036323;37.79861149344699;30.548777723234426;37.61019148270564;26.036465923168834;35.12910185057487;40.0;29.53112628844353;28.770474917972198;29.1512859027568;29.881213300906456;32.114560885713125;31.280274872905622;30.494688977786858;21.485318914002406;28.075572228430726;20.50235070418894;27.30377038075336;35.857954898885325;29.470036674782865;40.0;33.473047744932884;37.31744330303307;27.82010189253313;40.0;40.0;25.965058881469027;34.39831039163048;24.085784755345507;34.87263686082799;36.58751966005716;28.954500975384036;23.32719036202634;27.243734224274377;29.54483841792879;40.0;31.1573008569624;35.93321461589319;31.127020996275764;35.454338635829735;24.580192993121468;32.008203070866884;28.097659462470485;31.944261436024494;40.0;33.68533107361216;31.83467962157475;31.46483207748149;26.812888298646662;32.85593088580763;34.41507896383844;26.4692100016946;25.864928120520542;21.54770894422194
39.879539820516385;40.0;25.46189551729051;32.59577652081154;38.73241037494653;31.957221536708378;24.326652021426998;36.39635061883999;32.36984540987098;39.1192491605072;27.346693103551225;38.18018118254982;40.0;40.0;40.0;39.01111323504012;37.015731525809294;37.47372571540975;32.657945825156276;27.037030179638673;33.673413908605454;34.31866185456862;39.158310730072294;29.839981964607258;38.85008049435725;23.81505685633047;37.09582739973439;39.548748052117354;30.230053283306535;40.0;38.153368701713894;37.600171969710054;40.0;31.149027123990905;34.17401560279946;28.871606310980006;39.40600841222301;40.0;26.036806893399216;35.09741843898845;35.90905583914489;32.824836873115295;34.715532253860914;39.15209648480553;38.26178588353526;39.769724049889575;30.0874709036323;37.822641620545774;31.828777723234428;38.89019148270564;26.130564071668967;36.40910185057487;40.0;30.811126288443532;28.796884852174472;30.4312859027568;31.161213300906457;33.394560885713126;32.56027487290562;31.77468897778686;21.525318914002405;28.10221798614179;20.753526056283413;26.66377038075336;35.91841700178107;30.750036674782866;40.0;33.49681556248209;37.34039827680701;29.100101892533132;40.0;40.0;25.325058881469026;34.425316653775425;24.113564206265924;34.9833288177157;37.86751966005716;30.234500975384037;23.351017902516116;28.523734224274378;30.82483841792879;40.0;31.180380394549115;37.21321461589319;32.40702099627576;36.73433863582974;24.689716186577716;33.288203070866885;28.123785846427385;33.22426143602449;40.0;34.96533107361216;31.930767039505152;31.515512199277122;28.092888298646663;34.13593088580763;35.69507896383844;25.829210001694598;27.144928120520543;21.57663428818629
39.93790253316762;40.0;25.556237600465284;31.31577652081154;38.84687497670953;32.0088313786658;24.379029606963993;36.647647321660756;32.44984540987098;39.16991663121095;28.626693103551226;39.460181182549825;40.0;40.0;40.0;39.073476903523186;38.295731525809295;37.52242363511648;33.93794582515628;27.090366934132867;34.953413908605455;35.59866185456862;39.20979648652064;31.11998196460726;40.0;23.861455945574768;37.15482946422118;39.599589592240406;31.510053283306537;40.0;38.206871635636205;37.66146881735463;40.0;32.429027123990906;35.45401560279946;28.92373191628815;40.0;40.0;26.099637622775845;35.15134616839761;37.18905583914489;33.025639853690265;34.776845646006436;39.211961985626495;38.44959868610342;40.0;31.367470903632302;37.87070187474334;33.108777723234425;40.0;26.2246622201691;37.68910185057487;40.0;32.09112628844353;28.849704720579016;31.711285902756803;32.441213300906455;34.67456088571313;33.840274872905624;33.05468897778686;21.605318914002403;28.15550950156391;21.255876760472358;26.90250222140523;35.97887910467682;32.03003667478286;40.0;33.54435119758051;37.38630822435488;30.380101892533133;40.0;40.0;25.524743960387113;34.47932917806531;24.169123108106756;35.094020774603415;39.14751966005716;31.51450097538404;23.398672983495665;29.80373422427438;32.10483841792879;40.0;31.226539469722542;38.493214615893194;33.68702099627576;38.01433863582974;24.799239380033963;34.568203070866886;28.17603861434118;34.50426143602449;40.0;36.245331073612164;32.026854457435554;31.566192321072755;29.372888298646664;35.41593088580763;36.97507896383844;26.07034540238972;28.424928120520544;21.63448497611499
40.0;40.0;25.650579683640057;31.716674815272043;38.961339578472526;32.112051062580655;24.483784778037982;36.89894402448152;32.60984540987098;39.27125157261846;29.906693103551227;40.0;40.0;40.0;40.0;39.19820424048932;39.575731525809296;37.619819474529955;35.21794582515628;27.197040443121256;36.233413908605456;36.87866185456862;39.31276799941732;32.39998196460726;40.0;23.95425412406336;37.27283359319476;39.7012726724865;32.790053283306534;40.0;38.313877503480825;37.78406251264379;40.0;33.70902712399091;36.73401560279946;29.02798312690444;40.0;40.0;26.225299081529105;35.25920162721592;38.46905583914489;33.226442834265235;34.899472430297486;39.33169298726842;38.63741148867158;40.0;32.6474709036323;37.96682238313847;34.388777723234426;40.0;26.318760368669235;38.96910185057487;40.0;33.371126288443534;28.955344457388108;32.9912859027568;33.721213300906456;35.95456088571313;35.120274872905625;34.33468897778686;21.765318914002403;28.262092532408154;22.260578168850248;27.141234062057098;36.09980331046832;33.310036674782864;40.0;33.63942246777735;37.478128119450616;31.660101892533135;40.0;40.0;25.7244290393052;34.58735422664508;24.280240911788418;35.20471273149113;40.0;32.79450097538404;23.493983145454763;31.08373422427438;33.38483841792879;40.0;31.318857620069398;39.773214615893195;34.967020996275764;39.29433863582974;24.90876257349021;35.84820307086689;28.280544150168776;35.784261436024494;40.0;37.525331073612165;32.12294187536595;31.66755256466402;30.652888298646666;36.695930885807634;38.25507896383844;26.31148080308484;29.704928120520545;21.75018635197239
40.0;40.0;25.839263849989603;32.11757310973255;39.190268781998526;32.318490430410364;24.693295120185965;37.15024072730229;32.92984540987098;39.47392145543348;31.186693103551228;40.0;40.0;40.0;40.0;39.447658914421574;40.0;37.81461115335689;36.49794582515628;27.410387461098033;37.51341390860546;38.15866185456862;39.51871102521068;33.67998196460726;40.0;24.139850481040543;37.50884185114192;39.904638832978705;34.070053283306535;40.0;38.527889239170065;38.02924990322211;40.0;34.98902712399091;38.01401560279946;29.23648554813702;40.0;40.0;26.476621999035622;35.47491254485255;39.749055839144894;33.427245814840205;35.144725998879586;39.57115499055227;38.82522429123974;40.0;33.927470903632305;38.15906339992874;35.66877772323443;40.0;26.506956665669506;40.0;40.0;34.651126288443535;29.16662393100629;34.2712859027568;35.00121330090646;37.23456088571313;36.40027487290563;35.61468897778686;22.085318914002404;28.47525859409664;23.54057816885025;27.379965902708967;36.34165172205131;34.590036674782866;40.0;33.82956500817102;37.661767909642094;32.940101892533136;40.0;40.0;25.924114118223287;34.80340432380463;24.50247651915174;35.42609664526655;40.0;34.07450097538404;23.684603469372963;32.36373422427438;34.66483841792879;40.0;31.503493920763113;40.0;36.247020996275765;40.0;25.127808960402703;37.12820307086689;28.489555221823966;37.064261436024495;40.0;38.805331073612166;32.31511671122676;31.87027305184655;31.932888298646667;37.975930885807635;39.535078963838444;26.552616203779962;30.984928120520546;21.981589103687188
40.0;40.0;26.216632182688695;32.51847140419305;39.64812718905053;32.731369166069776;25.11231580448193;37.652834132943816;33.56984540987098;39.8792612210635;32.46669310355123;40.0;40.0;40.0;40.0;39.94656826228609;40.0;38.20419451101077;37.77794582515628;27.837081497051585;38.79341390860546;39.43866185456862;39.9305970767974;34.95998196460726;40.0;24.51104319499491;37.98085836703625;40.0;35.350053283306536;40.0;38.955912710548546;38.51962468437875;40.0;36.26902712399091;39.29401560279946;29.653490390602176;40.0;40.0;26.97926783404866;35.90633438012581;40.0;33.828851775990145;35.63523313604379;40.0;39.20084989637606;40.0;35.207470903632306;38.54354543350928;36.94877772323443;40.0;26.883349259670048;40.0;40.0;35.93112628844354;29.58918287824265;35.5512859027568;36.28121330090646;38.51456088571313;37.68027487290563;36.89468897778686;22.725318914002404;28.901590717473617;24.82057816885025;27.85742958401271;36.825348545217295;35.87003667478287;40.0;34.20985008895837;38.02904749002505;34.22010189253314;40.0;40.0;26.32348427605946;35.23550451812371;24.94694773387839;35.868864472817386;40.0;35.35450097538404;24.065844117209362;33.64373422427438;35.94483841792879;40.0;31.87276652215054;40.0;37.527020996275766;40.0;25.56590173422769;38.40820307086689;28.907577365134348;38.344261436024496;40.0;40.0;32.69946638294836;32.27571402621161;33.21288829864667;39.255930885807636;40.0;27.034887005170205;32.264928120520544;22.444394607116784
40.0;40.0;26.97136884808688;33.32026799311406;40.0;33.557126637388606;25.950357173073858;38.65802094422687;34.84984540987098;40.0;33.74669310355123;40.0;40.0;40.0;40.0;40.0;40.0;38.98336122631852;39.05794582515628;28.69046956895869;40.0;40.0;40.0;36.23998196460726;40.0;25.253428622903645;38.924891398824904;40.0;36.63005328330654;40.0;39.8119596533055;39.50037424669202;40.0;37.54902712399091;40.0;30.48750007553249;40.0;40.0;27.984559504074735;36.76917805067234;40.0;34.63206369829002;36.61624741037218;40.0;39.952101106648705;40.0;36.48747090363231;39.31250950067036;38.22877772323443;40.0;27.636134447671132;40.0;40.0;37.21112628844354;30.43430077271537;36.831285902756804;37.56121330090646;39.79456088571313;38.96027487290563;38.174688977786865;24.005318914002405;29.75425496422757;26.10057816885025;28.812356946620195;37.79274219154927;37.15003667478287;40.0;34.97042025053306;38.76360665079096;35.50010189253314;40.0;40.0;27.12222459173181;36.09970490676188;25.835890163331687;36.75440012791907;40.0;36.63450097538404;24.82832541288216;34.923734224274384;37.224838417928794;40.0;32.61131172492539;40.0;38.80702099627577;40.0;26.442087281877665;39.68820307086689;29.74362165175511;39.6242614360245;40.0;40.0;33.46816572639157;33.08659597494173;34.49288829864667;40.0;40.0;27.999428607950687;33.544928120520545;23.370005613975977
40.0;40.0;28.25136884808688;34.60026799311406;40.0;34.83712663738861;27.23035717307386;39.93802094422687;36.12984540987098;40.0;35.02669310355123;40.0;40.0;40.0;40.0;40.0;40.0;40.0;40.0;29.97046956895869;40.0;40.0;40.0;37.51998196460726;40.0;26.533428622903646;40.0;40.0;37.91005328330654;40.0;40.0;40.0;40.0;38.82902712399091;40.0;31.767500075532492;40.0;40.0;29.264559504074736;38.04917805067234;40.0;35.91206369829002;37.89624741037218;40.0;40.0;40.0;37.76747090363231;40.0;39.50877772323443;40.0;28.916134447671134;40.0;40.0;38.49112628844354;31.714300772715372;38.111285902756805;38.84121330090646;40.0;40.0;39.454688977786866;25.285318914002406;31.03425496422757;27.380578168850253;30.092356946620196;39.072742191549274;38.43003667478287;40.0;36.25042025053306;40.0;36.78010189253314;40.0;40.0;28.402224591731812;37.37970490676188;27.115890163331688;38.03440012791907;40.0;37.914500975384044;26.108325412882163;36.203734224274385;38.504838417928795;40.0;33.891311724925394;40.0;40.0;40.0;27.722087281877666;40.0;31.02362165175511;40.0;40.0;40.0;34.74816572639157;34.36659597494173;35.77288829864667;40.0;40.0;29.27942860795069;34.824928120520546;24.650005613975978
40.0;40.0;29.53136884808688;35.88026799311406;40.0;36.11712663738861;28.51035717307386;40.0;37.40984540987098;40.0;36.30669310355123;40.0;40.0;40.0;40.0;40.0;40.0;40.0;40.0;31.250469568958692;40.0;40.0;40.0;38.79998196460726;40.0;27.813428622903647;40.0;40.0;39.19005328330654;40.0;40.0;40.0;40.0;40.0;40.0;33.04750007553249;40.0;40.0;30.544559504074737;39.32917805067234;40.0;37.19206369829002;39.176247410372184;40.0;40.0;40.0;39.04747090363231;40.0;40.0;40.0;30.196134447671135;40.0;40.0;39.77112628844354;32.99430077271537;39.391285902756806;40.0;40.0;40.0;40.0;26.565318914002408;32.31425496422757;28.660578168850254;31.372356946620197;40.0;39.71003667478287;40.0;37.53042025053306;40.0;38.06010189253314;40.0;40.0;29.682224591731813;38.65970490676188;28.39589016333169;39.31440012791907;40.0;39.194500975384045;27.388325412882164;37.483734224274386;39.784838417928796;40.0;35.171311724925395;40.0;40.0;40.0;29.002087281877667;40.0;32.30362165175511;39.50881967785647;40.0;40.0;36.02816572639157;35.64659597494173;37.05288829864667;40.0;40.0;30.55942860795069;36.10492812052055;25.93000561397598
40.0;40.0;30.811368848086882;37.16026799311406;40.0;37.39712663738861;29.79035717307386;40.0;38.68984540987098;40.0;37.586693103551234;40.0;40.0;40.0;40.0;40.0;40.0;40.0;40.0;32.530469568958694;40.0;40.0;40.0;40.0;40.0;29.093428622903648;40.0;40.0;40.0;40.0;40.0;40.0;40.0;40.0;40.0;34.32750007553249;40.0;40.0;31.824559504074738;40.0;40.0;38.47206369829002;40.0;40.0;40.0;40.0;40.0;40.0;40.0;40.0;31.476134447671136;40.0;40.0;40.0;34.27430077271537;40.0;40.0;40.0;40.0;40.0;27.84531891400241;33.594254964227574;29.940578168850255;32.652356946620195;40.0;40.0;40.0;38.81042025053306;40.0;39.34010189253314;40.0;40.0;30.962224591731815;39.93970490676188;29.67589016333169;40.0;40.0;40.0;28.668325412882165;38.76373422427439;40.0;40.0;36.4513117249254;40.0;40.0;40.0;30.28208728187767;40.0;33.58362165175511;39.65365148237041;40.0;40.0;37.30816572639157;36.92659597494173;38.33288829864667;40.0;40.0;31.83942860795069;37.38492812052055;27.21000561397598
40.0;40.0;32.09136884808688;38.44026799311406;40.0;38.67712663738861;31.070357173073862;40.0;39.969845409870985;40.0;38.866693103551235;40.0;40.0;40.0;40.0;40.0;40.0;40.0;40.0;33.810469568958695;40.0;40.0;40.0;40.0;40.0;30.37342862290365;40.0;40.0;40.0;40.0;40.0;40.0;40.0;40.0;40.0;35.60750007553249;40.0;40.0;33.104559504074736;40.0;40.0;39.75206369829002;40.0;40.0;40.0;40.0;40.0;40.0;40.0;40.0;32.75613444767114;40.0;40.0;40.0;35.55430077271537;40.0;40.0;40.0;40.0;40.0;29.12531891400241;34.874254964227575;31.220578168850256;33.932356946620196;40.0;40.0;40.0;40.0;40.0;40.0;40.0;40.0;32.24222459173181;40.0;30.95589016333169;40.0;40.0;40.0;29.948325412882166;40.0;40.0;40.0;37.7313117249254;40.0;40.0;40.0;31.56208728187767;40.0;34.86362165175511;39.79848328688434;40.0;40.0;38.58816572639157;38.206595974941735;39.61288829864667;40.0;40.0;33.11942860795069;38.66492812052055;28.49000561397598
40.0;40.0;33.37136884808688;39.720267993114064;40.0;39.95712663738861;32.35035717307386;40.0;40.0;40.0;40.0;40.0;40.0;40.0;40.0;40.0;40.0;40.0;40.0;35.090469568958696;40.0;40.0;40.0;40.0;40.0;31.65342862290365;40.0;40.0;40.0;40.0;40.0;40.0;40.0;40.0;40.0;36.88750007553249;40.0;40.0;34.38455950407474;40.0;40.0;40.0;40.0;40.0;40.0;40.0;40.0;40.0;40.0;40.0;34.03613444767114;40.0;40.0;40.0;36.83430077271537;40.0;40.0;40.0;40.0;40.0;30.40531891400241;36.154254964227576;32.500578168850254;35.2123569466202;40.0;40.0;40.0;40.0;40.0;40.0;40.0;40.0;33.52222459173181;40.0;32.23589016333169;40.0;40.0;40.0;31.228325412882167;40.0;40.0;40.0;39.0113117249254;40.0;40.0;40.0;32.84208728187767;40.0;36.14362165175511;39.943315091398276;40.0;40.0;39.868165726391574;39.486595974941736;40.0;40.0;40.0;34.39942860795069;39.94492812052055;29.770005613975982
40.0;40.0;34.65136884808688;40.0;40.0;40.0;33.63035717307386;40.0;40.0;40.0;40.0;40.0;40.0;40.0;40.0;40.0;40.0;40.0;40.0;36.3704695689587;40.0;40.0;40.0;40.0;40.0;32.93342862290365;40.0;40.0;40.0;40.0;40.0;40.0;40.0;40.0;40.0;38.167500075532494;40.0;40.0;35.66455950407474;40.0;40.0;40.0;40.0;40.0;40.0;40.0;40.0;40.0;40.0;40.0;35.31613444767114;40.0;40.0;40.0;38.114300772715374;40.0;40.0;40.0;40.0;40.0;31.685318914002412;37.43425496422758;33.780578168850255;36.4923569466202;40.0;40.0;40.0;40.0;40.0;40.0;40.0;40.0;34.802224591731814;40.0;33.51589016333169;40.0;40.0;40.0;32.508325412882165;40.0;40.0;40.0;40.0;40.0;40.0;40.0;34.12208728187767;40.0;37.42362165175511;40.0;40.0;40.0;40.0;40.0;40.0;40.0;40.0;35.67942860795069;40.0;31.050005613975983
40.0;40.0;35.93136884808688;40.0;40.0;40.0;34.91035717307386;40.0;40.0;40.0;40.0;40.0;40.0;40.0;40.0;40.0;40.0;40.0;40.0;37.6504695689587;40.0;40.0;40.0;40.0;40.0;34.21342862290365;40.0;40.0;40.0;40.0;40.0;40.0;40.0;40.0;40.0;39.447500075532496;40.0;40.0;36.94455950407474;40.0;40.0;40.0;40.0;40.0;40.0;40.0;40.0;40.0;40.0;40.0;36.59613444767114;40.0;40.0;40.0;39.394300772715376;40.0;40.0;40.0;40.0;40.0;32.96531891400241;38.71425496422758;35.060578168850256;37.7723569466202;40.0;40.0;40.0;40.0;40.0;40.0;40.0;40.0;36.082224591731816;40.0;34.79589016333169;40.0;40.0;40.0;33.788325412882166;40.0;40.0;40.0;40.0;40.0;40.0;40.0;35.40208728187767;40.0;38.703621651755114;40.0;40.0;40.0;40.0;40.0;40.0;40.0;40.0;36.95942860795069;40.0;32.330005613975985
40.0;40.0;37.211368848086884;40.0;40.0;40.0;36.19035717307386;40.0;40.0;40.0;40.0;40.0;40.0;40.0;40.0;40.0;40.0;40.0;40.0;38.9304695689587;40.0;40.0;40.0;40.0;40.0;35.49342862290365;40.0;40.0;40.0;40.0;40.0;40.0;40.0;40.0;40.0;40.0;40.0;40.0;38.22455950407474;40.0;40.0;40.0;40.0;40.0;40.0;40.0;40.0;40.0;40.0;40.0;37.87613444767114;40.0;40.0;40.0;40.0;40.0;40.0;40.0;40.0;40.0;34.24531891400241;39.99425496422758;36.34057816885026;39.0523569466202;40.0;40.0;40.0;40.0;40.0;40.0;40.0;40.0;37.36222459173182;40.0;36.07589016333169;40.0;40.0;40.0;35.06832541288217;40.0;40.0;40.0;40.0;40.0;40.0;40.0;36.68208728187767;40.0;39.983621651755115;40.0;40.0;40.0;40.0;40.0;40.0;40.0;40.0;38.23942860795069;40.0;33.610005613975986
40.0;40.0;38.491368848086886;40.0;40.0;40.0;37.470357173073864;40.0;40.0;40.0;40.0;40.0;40.0;40.0;40.0;40.0;40.0;40.0;40.0;40.0;40.0;40.0;40.0;40.0;40.0;36.77342862290365;40.0;40.0;40.0;40.0;40.0;40.0;40.0;40.0;40.0;40.0;40.0;40.0;39.50455950407474;40.0;40.0;40.0;40.0;40.0;40.0;40.0;40.0;40.0;40.0;40.0;39.15613444767114;40.0;40.0;40.0;40.0;40.0;40.0;40.0;40.0;40.0;35.52531891400241;40.0;37.62057816885026;40.0;40.0;40.0;40.0;40.0;40.0;40.0;40.0;40.0;38.64222459173182;40.0;37.35589016333169;40.0;40.0;40.0;36.34832541288217;40.0;40.0;40.0;40.0;40.0;40.0;40.0;37.96208728187767;40.0;40.0;40.0;40.0;40.0;40.0;40.0;40.0;40.0;40.0;39.519428607950694;40.0;34.89000561397599
40.0;40.0;39.77136884808689;40.0;40.0;40.0;38.750357173073866;40.0;40.0;40.0;40.0;40.0;40.0;40.0;40.0;40.0;40.0;40.0;40.0;40.0;40.0;40.0;40.0;40.0;40.0;38.05342862290365;40.0;40.0;40.0;40.0;40.0;40.0;40.0;40.0;40.0;40.0;40.0;40.0;40.0;40.0;40.0;40.0;40.0;40.0;40.0;40.0;40.0;40.0;40.0;40.0;40.0;40.0;40.0;40.0;40.0;40.0;40.0;40.0;40.0;40.0;36.80531891400241;40.0;38.90057816885026;40.0;40.0;40.0;40.0;40.0;40.0;40.0;40.0;40.0;39.92222459173182;40.0;38.635890163331695;40.0;40.0;40.0;37.62832541288217;40.0;40.0;40.0;40.0;40.0;40.0;40.0;39.24208728187767;40.0;40.0;40.0;40.0;40.0;40.0;40.0;40.0;40.0;40.0;40.0;40.0;36.17000561397599
40.0;40.0;40.0;40.0;40.0;40.0;40.0;40.0;40.0;40.0;40.0;40.0;40.0;40.0;40.0;40.0;40.0;40.0;40.0;40.0;40.0;40.0;40.0;40.0;40.0;39.333428622903654;40.0;40.0;40.0;40.0;40.0;40.0;40.0;40.0;40.0;40.0;40.0;40.0;40.0;40.0;40.0;40.0;40.0;40.0;40.0;40.0;40.0;40.0;40.0;40.0;40.0;40.0;40.0;40.0;40.0;40.0;40.0;40.0;40.0;40.0;38.085318914002414;40.0;40.0;40.0;40.0;40.0;40.0;40.0;40.0;40.0;40.0;40.0;40.0;40.0;39.915890163331696;40.0;40.0;40.0;38.90832541288217;40.0;40.0;40.0;40.0;40.0;40.0;40.0;40.0;40.0;40.0;40.0;40.0;40.0;40.0;40.0;40.0;40.0;40.0;40.0;40.0;37.45000561397599
40.0;40.0;40.0;40.0;40.0;40.0;40.0;40.0;40.0;40.0;40.0;40.0;40.0;40.0;40.0;40.0;40.0;40.0;40.0;40.0;40.0;40.0;40.0;40.0;40.0;40.0;40.0;40.0;40.0;40.0;40.0;40.0;40.0;40.0;40.0;40.0;40.0;40.0;40.0;40.0;40.0;40.0;40.0;40.0;40.0;40.0;40.0;40.0;40.0;40.0;40.0;40.0;40.0;40.0;40.0;40.0;40.0;40.0;40.0;40.0;39.365318914002415;40.0;40.0;40.0;40.0;40.0;40.0;40.0;40.0;40.0;40.0;40.0;40.0;40.0;40.0;40.0;40.0;40.0;40.0;40.0;40.0;40.0;40.0;40.0;40.0;40.0;40.0;40.0;40.0;40.0;40.0;40.0;40.0;40.0;40.0;40.0;40.0;40.0;40.0;38.73000561397599
40.0;40.0;40.0;40.0;40.0;40.0;40.0;40.0;40.0;40.0;40.0;40.0;40.0;40.0;40.0;40.0;40.0;40.0;40.0;40.0;40.0;40.0;40.0;40.0;40.0;40.0;40.0;40.0;40.0;40.0;40.0;40.0;40.0;40.0;40.0;40.0;40.0;40.0;40.0;40.0;40.0;40.0;40.0;40.0;40.0;40.0;40.0;40.0;40.0;40.0;40.0;40.0;40.0;40.0;40.0;40.0;40.0;40.0;40.0;40.0;40.0;40.0;40.0;40.0;40.0;40.0;40.0;40.0;40.0;40.0;40.0;40.0;40.0;40.0;40.0;40.0;40.0;40.0;40.0;40.0;40.0;40.0;40.0;40.0;40.0;40.0;40.0;40.0;40.0;40.0;40.0;40.0;40.0;40.0;40.0;40.0;40.0;40.0;40.0;40.0

